iso,final_data_flag,IEAName,IEA_Fert_reg,BPName,Country_Name,OECD_flag,FAO_Country_Code,UNFCCC,Region,Figure_Region,Paper_Figure_Region,EMEP,WorldBank,BPName_Oil_production,WB_income_level,note
ussr,0,,,Former Soviet Union,Soviet Union,NonOECD,228,,FSU,FSU,Former Soviet Union,,,ussr,,historical - used as tag in oil production processing to assist in summing ussr oil production data
dza,1,Algeria,Africa,Algeria,Algeria,NonOECD,4,Algeria,Africa,Africa,Africa,,DZ,Algeria,,
arg,1,Argentina,Latin America,Argentina,Argentina,NonOECD,9,Argentina,Latin America,Central and South America,Latin America,,AR,Argentina,,
aus,1,Australia,Oceania,Australia,Australia,OECD,10,Australia,OtherOECD90,South East Asia and Aust/NZ,Other Asia/Pacific,,AU,Australia,high-income,
aut,1,Austria,Western Europe,Austria,Austria,OECD,11,Austria,Western Europe,Western Europe,Europe,AT,AT,,high-income,
aze,1,Azerbaijan,CIS,Azerbaijan,Azerbaijan,NonOECD,52,Azerbaijan,FSU,FSU,Former Soviet Union,AZ,AZ,Azerbaijan,,
bgd,1,Bangladesh,Other Asia,Bangladesh,Bangladesh,NonOECD,16,Bangladesh,Asia,Other Asia,Other Asia/Pacific,,BD,,,
blr,1,Belarus,CIS,Belarus,Belarus,NonOECD,57,Belarus,FSU,FSU,Former Soviet Union,BY,BY,,,
bel,1,Belgium,Western Europe,Belgium,Belgium,OECD,255,Belgium,Western Europe,Western Europe,Europe,BE,BE,,high-income,
bra,1,Brazil,Latin America,Brazil,Brazil,NonOECD,21,Brazil,Latin America,Central and South America,Latin America,,BR,Brazil,,
bgr,1,Bulgaria,Central European countries,Bulgaria,Bulgaria,NonOECD,27,Bulgaria,Eastern Europe,Eastern Europe,Europe,BG,BG,,,
can,1,Canada,North America,Canada,Canada,OECD,33,Canada,OtherOECD90,North America,North America,CA,CA,Canada,high-income,
chl,1,Chile,Latin America,Chile,Chile,OECD,40,Chile,Latin America,Central and South America,Latin America,,CL,,high-income,
chn,1,Peoples Republic of China,China,China,China,NonOECD,41,China,Asia,China,China,,CN,China,,
hkg,1,"Hong Kong, China",Other Asia,China Hong Kong SAR,"Hong Kong, China",NonOECD,96,"Hong Kong, China",Asia,Other Asia,Other Asia/Pacific,,HK,,high-income,
col,1,Colombia,Latin America,Colombia,Colombia,NonOECD,44,Colombia,Latin America,Central and South America,Latin America,,CO,Colombia,,
cze,1,Czech Republic,Central European countries,Czech Republic,Czech Republic,OECD,167,Czech Republic,Eastern Europe,Eastern Europe,Europe,CZ,CZ,,high-income,
dnk,1,Denmark,Western Europe,Denmark,Denmark,OECD,54,Denmark,Western Europe,Western Europe,Europe,DK,DK,Denmark,high-income,
eth,1,Ethiopia,Africa,Eastern Africa,Ethiopia,NonOECD,62,Ethiopia,Africa,Africa,Africa,,ET,,,
ken,1,Kenya,Africa,Eastern Africa,Kenya,NonOECD,114,Kenya,Africa,Africa,Africa,,KE,,,
moz,1,Mozambique,Africa,Eastern Africa,Mozambique,NonOECD,144,Mozambique,Africa,Africa,Africa,,MZ,,,
sdn,1,Sudan,Africa,Eastern Africa,Sudan,NonOECD,206,Sudan,Africa,Africa,Africa,,SD,Sudan,,
som,1,Other Africa,Africa,Eastern Africa,Somalia,NonOECD,201,Somalia,Africa,Africa,Africa,,SO,,,
ssd,1,South Sudan,,Eastern Africa,South Sudan,NonOECD,277,,Africa,Africa,Africa,,,South Sudan,,
tza,1,Tanzania,Africa,Eastern Africa,Tanzania,NonOECD,215,Tanzania,Africa,Africa,Africa,,TZ,,,
tza,1,United Republic of Tanzania,Africa,Eastern Africa,Tanzania,NonOECD,215,Tanzania,Africa,Africa,Africa,,TZ,,,
eri,1,Eritrea,Africa,Eastern Africa,Eritrea,NonOECD,178,Eritrea,Africa,Africa,Africa,,ER,,,
mdg,1,Other Africa,Africa,Eastern Africa,Madagascar,NonOECD,129,Madagascar,Africa,Africa,Africa,,MG,,,
reu,1,Other Africa,Africa,Eastern Africa,Reunion,NonOECD,182,Reunion,Africa,Africa,Africa,,RE,,,
syc,1,Other Africa,Africa,Eastern Africa,Seychelles,NonOECD,196,Seychelles,Africa,Africa,Africa,,SC,,high-income,
ecu,1,Ecuador,Latin America,Ecuador,Ecuador,NonOECD,58,Ecuador,Latin America,Central and South America,Latin America,,EC,Ecuador,,
egy,1,Egypt,Africa,Egypt,Egypt,NonOECD,59,Egypt,Africa,Africa,Africa,,EG,Egypt,,
est,1,Estonia,CIS,Estonia,Estonia,OECD,63,Estonia,FSU,FSU,Former Soviet Union,EE,EE,,high-income,
fin,1,Finland,Western Europe,Finland,Finland,OECD,67,Finland,Western Europe,Western Europe,Europe,FI,FI,,high-income,
fra,1,France,Western Europe,France,France,OECD,68,France,Western Europe,Western Europe,Europe,FR,FR,,high-income,
deu,1,Germany,Western Europe,Germany,Germany,OECD,79,Germany,Western Europe,Western Europe,Europe,DE,DE,,high-income,
grc,1,Greece,Western Europe,Greece,Greece,OECD,84,Greece,Western Europe,Western Europe,Europe,GR,GR,,high-income,
hun,1,Hungary,Central European countries,Hungary,Hungary,OECD,97,Hungary,Eastern Europe,Eastern Europe,Europe,HU,HU,,high-income,
isl,1,Iceland,Western Europe,Iceland,Iceland,OECD,99,Iceland,Western Europe,Western Europe,Europe,IS,IS,,high-income,
ind,1,India,India,India,India,NonOECD,100,India,Asia,Other Asia,Other Asia/Pacific,,IN,India,,
idn,1,Indonesia,Other Asia,Indonesia,Indonesia,NonOECD,101,Indonesia,Asia,South East Asia and Aust/NZ,Other Asia/Pacific,,ID,Indonesia,,
irn,1,Islamic Republic of Iran,Middle East,Iran,Islamic Republic of Iran,NonOECD,102,Islamic Republic of Iran,Middle East,Middle East,Other Asia/Pacific,,IR,Iran,,
irl,1,Ireland,Western Europe,Ireland,Ireland,OECD,104,Ireland,Western Europe,Western Europe,Europe,IE,IE,,high-income,
isr,1,Israel,Middle East,Israel,Israel,OECD,105,Israel,Middle East,Middle East,Other Asia/Pacific,,IL,,high-income,
ita,1,Italy,Western Europe,Italy,Italy,OECD,106,Italy,Western Europe,Western Europe,Europe,IT,IT,Italy,high-income,
jpn,1,Japan,Other Asia,Japan,Japan,OECD,110,Japan,OtherOECD90,Other Asia,Other Asia/Pacific,,JP,,high-income,
kaz,1,Kazakhstan,CIS,Kazakhstan,Kazakhstan,NonOECD,108,Kazakhstan,FSU,FSU,Former Soviet Union,,KZ,Kazakhstan,,
kwt,1,Kuwait,Middle East,Kuwait,Kuwait,NonOECD,118,Kuwait,Middle East,Middle East,Other Asia/Pacific,,KW,Kuwait,high-income,
lva,1,Latvia,CIS,Latvia,Latvia,NonOECD,119,Latvia,FSU,FSU,Former Soviet Union,LV,LV,,high-income,
ltu,1,Lithuania,CIS,Lithuania,Lithuania,NonOECD,126,Lithuania,FSU,FSU,Former Soviet Union,LT,LT,,high-income,
mys,1,Malaysia,Other Asia,Malaysia,Malaysia,NonOECD,131,Malaysia,Asia,South East Asia and Aust/NZ,Other Asia/Pacific,,MY,Malaysia,,
mex,1,Mexico,Latin America,Mexico,Mexico,OECD,138,Mexico,Latin America,Central and South America,Latin America,,MX,Mexico,,
ner,1,Niger,Africa,Middle Africa,Niger,NonOECD,158,Niger,Africa,Africa,Africa,,NE,,,
rwa,1,Other Africa,Africa,Middle Africa,Rwanda,NonOECD,184,Rwanda,Africa,Africa,Africa,,RW,,,
bdi,1,Other Africa,Africa,Middle Africa,Burundi,NonOECD,29,Burundi,Africa,Africa,Africa,,BI,,,
caf,1,Other Africa,Africa,Middle Africa,Central African Republic,NonOECD,37,Central African Republic,Africa,Africa,Africa,,CF,,,
mli,1,Other Africa,Africa,Middle Africa,Mali,NonOECD,133,Mali,Africa,Africa,Africa,,ML,,,
uga,1,Other Africa,Africa,Middle Africa,Uganda,NonOECD,226,Uganda,Africa,Africa,Africa,,UG,,,
nld,1,Netherlands,Western Europe,Netherlands,Netherlands,OECD,150,Netherlands,Western Europe,Western Europe,Europe,NL,NL,,high-income,
nzl,1,New Zealand,Oceania,New Zealand,New Zealand,OECD,156,New Zealand,Asia,South East Asia and Aust/NZ,Other Asia/Pacific,,NZ,,high-income,
global,1,,,None,Global,Neither,,,Global,Global,International,,,,,
nor,1,Norway,Western Europe,Norway,Norway,OECD,162,Norway,Western Europe,Western Europe,Europe,NO,NO,Norway,high-income,
mda,1,Republic of Moldova,CIS,Other CIS,Moldova,NonOECD,146,Moldova,FSU,FSU,Former Soviet Union,MD,MD,,,
bfa,1,Other Africa,Africa,Middle Africa,Burkina Faso,NonOECD,233,Burkina Faso,Africa,Africa,Africa,,BF,,,
com,1,Other Africa,Africa,Eastern Africa,Comoros,NonOECD,45,Comoros,Africa,Africa,Africa,,KM,,,
dji,1,Other Africa,Africa,Eastern Africa,Djibouti,NonOECD,72,Djibouti,Africa,Africa,Africa,,DJ,,,
mus,1,Mauritius,Africa,Eastern Africa,Mauritius,NonOECD,137,Mauritius,Africa,Africa,Africa,,MU,,,
nam,1,Namibia,Africa,Western Africa,Namibia,NonOECD,147,Namibia,Africa,Africa,Africa,,NA,,,
stp,1,Other Africa,Africa,Western Africa,Sao Tome and Principe,NonOECD,193,Sao Tome and Principe,Africa,Africa,Africa,,ST,,,
tgo,1,Togo,Africa,Western Africa,Togo,NonOECD,217,Togo,Africa,Africa,Africa,,TG,,,
afg,1,Other Asia,Other Asia,Other Asia Pacific,Afghanistan,NonOECD,2,Afghanistan,Asia,Other Asia,Other Asia/Pacific,,AF,,,
bwa,1,Botswana,Africa,Other Southern Africa,Botswana,NonOECD,20,Botswana,Africa,Africa,Africa,,BW,,,
nga,1,Nigeria,Africa,Western Africa,Nigeria,NonOECD,159,Nigeria,Africa,Africa,Africa,,NG,Nigeria,,
lso,1,Other Africa,Africa,Other Southern Africa,Lesotho,NonOECD,122,Lesotho,Africa,Africa,Africa,,LS,,,
mwi,1,Other Africa,Africa,Other Southern Africa,Malawi,NonOECD,130,Malawi,Africa,Africa,Africa,,MW,,,
swz,1,Other Africa,Africa,Other Southern Africa,Swaziland,NonOECD,209,Swaziland,Africa,Africa,Africa,,SZ,,,
zmb,1,Zambia,Africa,Other Southern Africa,Zambia,NonOECD,251,Zambia,Africa,Africa,Africa,,ZM,,,
zwe,1,Zimbabwe,Africa,Other Southern Africa,Zimbabwe,NonOECD,181,Zimbabwe,Africa,Africa,Africa,,ZW,,,
brn,1,Brunei Darussalam,Other Asia,Other Asia Pacific,Brunei Darussalam,NonOECD,26,Brunei Darussalam,Asia,South East Asia and Aust/NZ,Other Asia/Pacific,,BN,Brunei,high-income,
btn,1,Other Asia,Other Asia,Other Asia Pacific,Bhutan,NonOECD,18,Bhutan,Asia,Other Asia,Other Asia/Pacific,,BT,,,
cok,1,Other Asia,Other Asia,Other Asia Pacific,Cook Islands,NonOECD,,,Islands,Other Asia,Other Asia/Pacific,,,,,
fji,1,Other Asia,Other Asia,Other Asia Pacific,Fiji,NonOECD,66,Fiji,Asia,Other Asia,Other Asia/Pacific,,FJ,,,
fsm,1,Other Asia,Other Asia,Other Asia Pacific,Federated States of Micronesia,NonOECD,145,Federated States of Micronesia,Asia,South East Asia and Aust/NZ,Other Asia/Pacific,,,,,
khm,1,Cambodia,China,Other Asia Pacific,Cambodia,NonOECD,115,Cambodia,Asia,Other Asia,Other Asia/Pacific,,KH,,,
kir,1,Other Asia,Other Asia,Other Asia Pacific,Kiribati,NonOECD,83,Kiribati,Asia,Other Asia,Other Asia/Pacific,,KI,,,
lao,1,Other Asia,Other Asia,Other Asia Pacific,Laos,NonOECD,120,Laos,Asia,Other Asia,Other Asia/Pacific,,LA,,,
lka,1,Sri Lanka,Other Asia,Other Asia Pacific,Sri Lanka,NonOECD,38,Sri Lanka,Asia,Other Asia,Other Asia/Pacific,,LK,,,
mac,1,Other Asia,Other Asia,Other Asia Pacific,Macao,NonOECD,0,Macao,Asia,Other Asia,Other Asia/Pacific,,MO,,high-income,
mdv,1,Other Asia,Other Asia,Other Asia Pacific,Maldives,NonOECD,132,Maldives,Islands,Other Asia,Other Asia/Pacific,,MV,,,
mhl,1,Other Asia,Other Asia,Other Asia Pacific,Marshall Islands,NonOECD,,,Islands,Other Asia,Other Asia/Pacific,,,,,
mmr,1,Myanmar,Other Asia,Other Asia Pacific,Myanmar (Burma),NonOECD,28,Myanmar (Burma),Asia,South East Asia and Aust/NZ,Other Asia/Pacific,,MM,,,
mng,1,Mongolia,China,Other Asia Pacific,Mongolia,NonOECD,141,Mongolia,Asia,Other Asia,Other Asia/Pacific,,MN,,,
ncl,1,Other Asia,Other Asia,Other Asia Pacific,New Caledonia,NonOECD,153,New Caledonia,Asia,Other Asia,Other Asia/Pacific,,NC,,high-income,
niu,1,Other Asia,Other Asia,Other Asia Pacific,Niue,NonOECD,,,Islands,Other Asia,Other Asia/Pacific,,,,,
npl,1,Nepal,Other Asia,Other Asia Pacific,Nepal,NonOECD,149,Nepal,Asia,Other Asia,Other Asia/Pacific,,NP,,,
plw,1,Other Asia,Other Asia,Other Asia Pacific,Palau,NonOECD,180,Palau,Asia,Other Asia,Other Asia/Pacific,,PW,,,
png,1,Other Asia,Other Asia,Other Asia Pacific,Papua New Guinea,NonOECD,168,Papua New Guinea,Asia,Other Asia,Other Asia/Pacific,,PG,,,
prk,1,Dem. Peoples Rep. of Korea,China,Other Asia Pacific,Democratic Peoples Republic of Korea,OECD,116,Democratic Peoples Republic of Korea,Asia,Other Asia,Other Asia/Pacific,,KP,,,
pyf,1,Other Asia,Other Asia,Other Asia Pacific,French Polynesia,NonOECD,,,Islands,Other Asia,Other Asia/Pacific,,,,high-income,
slb,1,Other Asia,Other Asia,Other Asia Pacific,Soloman Islands,NonOECD,25,Soloman Islands,Asia,Other Asia,Other Asia/Pacific,,SB,,,
tkl,1,Other Asia,Other Asia,Other Asia Pacific,Tokelau,NonOECD,,,Islands,Other Asia,Other Asia/Pacific,,,,,
tls,1,Other Asia,Other Asia,Other Asia Pacific,Timor-Leste,NonOECD,176,Timor-Leste,Asia,Other Asia,Other Asia/Pacific,,TL,,,
ton,1,Other Asia,Other Asia,Other Asia Pacific,Tongo,NonOECD,219,Tongo,Asia,Other Asia,Other Asia/Pacific,,TO,,,
vut,1,Other Asia,Other Asia,Other Asia Pacific,Vanuatu,NonOECD,155,Vanuatu,Asia,Other Asia,Other Asia/Pacific,,VU,,,
wlf,1,Other Asia,Other Asia,Other Asia Pacific,Wallis and Futuna Islands,NonOECD,,,Islands,Other Asia,Other Asia/Pacific,,,,,
wsm,1,Other Asia,Other Asia,Other Asia Pacific,Samoa,NonOECD,244,Samoa,Asia,Other Asia,Other Asia/Pacific,,WS,,,
abw,1,Other Non-OECD Americas,Latin America,Other Caribbean,Aruba,NonOECD,0,Aruba,Latin America,Central and South America,Latin America,,AW,,high-income,separated from Netherlands Antilles in 1986
ant,0,Netherlands Antilles,Latin America,Other Caribbean,Netherlands Antilles,NonOECD,0,Netherlands Antilles,Latin America,Central and South America,Latin America,,AN,,,historical
asm,1,Other Non-OECD Americas,Latin America,Other Caribbean,American Samoa,NonOECD,,,Islands,Other Asia,Other Asia/Pacific,,,,,
atg,1,Other Non-OECD Americas,Latin America,Other Caribbean,Antigua and Barbuda,NonOECD,8,Antigua and Barbuda,Latin America,Central and South America,Latin America,,AG,,high-income,
bhs,1,Other Non-OECD Americas,Latin America,Other Caribbean,Bahamas,NonOECD,12,Bahamas,Latin America,Central and South America,Latin America,,BS,,high-income,
blz,1,Other Non-OECD Americas,Latin America,Other Caribbean,Belize,NonOECD,23,Belize,Latin America,Central and South America,Latin America,,BZ,,,
bmu,1,Other Non-OECD Americas,Western Europe,Other Caribbean,Bermuda,NonOECD,0,Bermuda,Latin America,Central and South America,Latin America,,BM,,high-income,
brb,1,Other Non-OECD Americas,Latin America,Other Caribbean,Barbados,NonOECD,14,Barbados,Latin America,Central and South America,Latin America,,BB,,high-income,
cri,1,Costa Rica,Latin America,Other Caribbean,Costa Rica,NonOECD,48,Costa Rica,Latin America,Central and South America,Latin America,,CR,,,
cub,1,Cuba,Latin America,Other Caribbean,Cuba,NonOECD,49,Cuba,Latin America,Central and South America,Latin America,,CU,,,
cuw,1,Curacao,Latin America,Other Caribbean,Curacao,NonOECD,0,,Latin America,Central and South America,Latin America,,,,high-income,separated from Netherlands Antilles in 2010
cym,1,Other Non-OECD Americas,Latin America,Other Caribbean,Cayman Islands,NonOECD,0,Cayman Islands,Latin America,Central and South America,Latin America,,KY,,high-income,
dma,1,Other Non-OECD Americas,Latin America,Other Caribbean,Dominica,NonOECD,55,Dominica,Latin America,Central and South America,Latin America,,DM,,,
dom,1,Dominican Republic,Latin America,Other Caribbean,Dominican Republic,NonOECD,56,Dominican Republic,Latin America,Central and South America,Latin America,,DO,,,
glp,1,Other Non-OECD Americas,Latin America,Other Caribbean,Guadeloupe,NonOECD,0,Guadeloupe,Latin America,Central and South America,Latin America,,GP,,,
grd,1,Other Non-OECD Americas,Latin America,Other Caribbean,Grenada,NonOECD,86,Grenada,Latin America,Central and South America,Latin America,,GD,,,
gtm,1,Guatemala,Latin America,Other Caribbean,Guatemala,NonOECD,89,Guatemala,Latin America,Central and South America,Latin America,,GT,,,
hnd,1,Honduras,Latin America,Other Caribbean,Honduras,NonOECD,95,Honduras,Latin America,Central and South America,Latin America,,HN,,,
hti,1,Haiti,Latin America,Other Caribbean,Haiti,NonOECD,93,Haiti,Latin America,Central and South America,Latin America,,HT,,,
jam,1,Jamaica,Latin America,Other Caribbean,Jamaica,NonOECD,109,Jamaica,Latin America,Central and South America,Latin America,,JM,,,
kna,1,Other Non-OECD Americas,Latin America,Other Caribbean,Saint Kitts and Nevis,NonOECD,188,Saint Kitts and Nevis,Latin America,Central and South America,Latin America,,KN,,high-income,
lca,1,Other Non-OECD Americas,Latin America,Other Caribbean,Saint Lucia,NonOECD,189,Saint Lucia,Latin America,Central and South America,Latin America,,LC,,,
msr,1,Other Non-OECD Americas,Latin America,Other Caribbean,Montserrat,NonOECD,0,Montserrat,Latin America,Central and South America,Latin America,,MS,,,
mtq,1,Other Non-OECD Americas,Latin America,Other Caribbean,Martinique,NonOECD,,,Islands,Central and South America,Latin America,,,,,
nic,1,Nicaragua,Latin America,Other Caribbean,Nicaragua,NonOECD,157,Nicaragua,Latin America,Central and South America,Latin America,,NI,,,
pan,1,Panama,Latin America,Other Caribbean,Panama,NonOECD,166,Panama,Latin America,Central and South America,Latin America,,PA,,,
pri,1,Other Non-OECD Americas,Latin America,Other Caribbean,Puerto Rico,NonOECD,177,Puerto Rico,OtherOECD90,North America,North America,,,,high-income,
slv,1,El Salvador,Latin America,Other Caribbean,El Salvador,NonOECD,60,El Salvador,Latin America,Central and South America,Latin America,,SV,,,
spm,1,Other Non-OECD Americas,Latin America,Other Caribbean,Saint Pierre and Miquelon,NonOECD,,,Islands,Central and South America,Latin America,,,,,
sur,1,Other Non-OECD Americas,Latin America,Other Caribbean,Suriname,NonOECD,207,Suriname,Latin America,Central and South America,Latin America,,SR,,,
sxm,1,Other Non-OECD Americas,Latin America,Other Caribbean,Sint Maarten,NonOECD,0,,Latin America,Central and South America,Latin America,,,,high-income,separated from Netherlands Antilles in 2010
tca,1,Other Non-OECD Americas,Latin America,Other Caribbean,Turks and Caicos Islands,NonOECD,0,Turks and Caicos Islands,Latin America,Central and South America,Latin America,,TC,,high-income,
vct,1,Other Non-OECD Americas,Latin America,Other Caribbean,Saint Vincent And Grenadines,NonOECD,191,Saint Vincent And Grenadines,Latin America,Central and South America,Latin America,,VC,,,
vgb,1,Other Non-OECD Americas,Latin America,Other Caribbean,British Virgin Islands,NonOECD,0,British Virgin Islands,Latin America,Central and South America,Latin America,,VG,,high-income,
vir,1,Other Non-OECD Americas,Latin America,Other Caribbean,United States Virgin Islands,NonOECD,,,Islands,Central and South America,Latin America,,,,high-income,
arm,1,Armenia,CIS,Other CIS,Armenia,NonOECD,1,Armenia,FSU,FSU,Former Soviet Union,AM,AM,,,
geo,1,Georgia,CIS,Other CIS,Georgia,NonOECD,73,Georgia,FSU,FSU,Former Soviet Union,GE,GE,,,
kgz,1,Kyrgyzstan,CIS,Other CIS,Kyrgyzstan,NonOECD,113,Kyrgyzstan,FSU,FSU,Former Soviet Union,KG,KG,,,
mda,1,Moldova,CIS,Other CIS,Moldova,NonOECD,146,Moldova,FSU,FSU,Former Soviet Union,MD,MD,,,
mda,1,Former Soviet Union (if no detail),CIS,Other CIS,Moldova,NonOECD,146,Moldova,FSU,FSU,Former Soviet Union,MD,MD,,,
tjk,1,Tajikistan,CIS,Other CIS,Tajikistan,NonOECD,208,Tajikistan,FSU,FSU,Former Soviet Union,TJ,TJ,,,
alb,1,Albania,Central European countries,Other Europe,Albania,NonOECD,3,Albania,Eastern Europe,Eastern Europe,Europe,AL,AL,,,
bih,1,Bosnia and Herzegovina,Central European countries,Other Europe,Bosnia and Herzegovina,NonOECD,80,Bosnia and Herzegovina,Eastern Europe,Eastern Europe,Europe,BA,BA,,,
bih,1,Former Yugoslavia (if no detail),Central European countries,Other Europe,Bosnia and Herzegovina,NonOECD,80,Bosnia and Herzegovina,Eastern Europe,Eastern Europe,Europe,BA,BA,,,
cyp,1,Cyprus,Western Europe,Other Europe,Cyprus,NonOECD,50,Cyprus,Western Europe,Western Europe,Europe,CY,CY,,high-income,
gib,1,Gibraltar,Western Europe,Other Europe,Gibraltar,NonOECD,0,Gibraltar,Western Europe,Western Europe,Europe,,GI,,high-income,
hrv,1,Croatia,Central European countries,Other Europe,Croatia,NonOECD,98,Croatia,Eastern Europe,Eastern Europe,Europe,HR,HR,,high-income,
hrv,1,Former Yugoslavia (if no detail),Central European countries,Other Europe,Croatia,NonOECD,98,Croatia,Eastern Europe,Eastern Europe,Europe,HR,HR,,high-income,
lux,1,Luxembourg,Western Europe,Other Europe,Luxembourg,OECD,256,Luxembourg,Western Europe,Western Europe,Europe,LU,LU,,high-income,
mkd,1,Former Yugoslav Republic of Macedonia,Central European countries,Other Europe,Macedonia,NonOECD,154,Former Yugoslav Republic of Macedonia,Eastern Europe,Eastern Europe,Europe,MK,MK,,,
mkd,1,Former Yugoslavia (if no detail),Central European countries,Other Europe,Macedonia,NonOECD,154,Macedonia,Eastern Europe,Eastern Europe,Europe,,MK,,,
mlt,1,Malta,Western Europe,Other Europe,Malta,NonOECD,134,Malta,Western Europe,Western Europe,Europe,MT,MT,,high-income,
mne,1,Montenegro,Central European countries,Other Europe,Montenegro,NonOECD,273,Montenegro,Western Europe,Other Asia,Other Asia/Pacific,ME,ME,,,
mne,1,Former Yugoslavia (if no detail),Central European countries,Other Europe,Montenegro,NonOECD,273,Montenegro,Western Europe,Other Asia,Other Asia/Pacific,ME,ME,,,
scg,0,Serbia and Montenegro,Central European countries,Other Europe,Serbia and Montenegro,NonOECD,186,Serbia and Montenegro,Eastern Europe,Eastern Europe,Europe,CS,,,,historical
srb,1,Serbia,Central European countries,Other Europe,Serbia,NonOECD,272,Serbia,Eastern Europe,Eastern Europe,Europe,RS,RS,,,
srb,1,Former Yugoslavia (if no detail),Central European countries,Other Europe,Serbia,NonOECD,272,Serbia,Eastern Europe,Eastern Europe,Europe,RS,RS,,,
srb (kosovo),0,Kosovo,Central European countries,Other Europe,Kosovo,NonOECD,0,Kosovo,Eastern Europe,Eastern Europe,Europe,,,,,
srb (kosovo),0,Former Yugoslavia (if no detail),Central European countries,Other Europe,Kosovo,NonOECD,0,Kosovo,Eastern Europe,Eastern Europe,Europe,,,,,
svn,1,Slovenia,Central European countries,Other Europe,Slovenia,OECD,198,Slovenia,Eastern Europe,Eastern Europe,Europe,SI,SI,,high-income,
svn,1,Former Yugoslavia (if no detail),Central European countries,Other Europe,Slovenia,OECD,198,Slovenia,Eastern Europe,Eastern Europe,Europe,SI,SI,,high-income,
bhr,1,Bahrain,Middle East,Other Middle East,Bahrain,NonOECD,13,Bahrain,Middle East,Middle East,Other Asia/Pacific,,BH,,high-income,
irq,1,Iraq,Middle East,Other Middle East,Iraq,NonOECD,103,Iraq,Middle East,Middle East,Other Asia/Pacific,,IQ,Iraq,,
jor,1,Jordan,Middle East,Other Middle East,Jordan,NonOECD,112,Jordan,Middle East,Middle East,Other Asia/Pacific,,JO,,,
lbn,1,Lebanon,Middle East,Other Middle East,Lebanon,NonOECD,121,Lebanon,Middle East,Middle East,Other Asia/Pacific,,LB,,,
omn,1,Oman,Middle East,Other Middle East,Oman,NonOECD,221,Oman,Middle East,Middle East,Other Asia/Pacific,,OM,Oman,high-income,
syr,1,Syrian Arab Republic,Middle East,Other Middle East,Syria,NonOECD,212,Syria,Middle East,Middle East,Other Asia/Pacific,,SY,Syria,,
yem,1,Yemen,Middle East,Other Middle East,Yemen,NonOECD,249,Yemen,Middle East,Middle East,Other Asia/Pacific,,YE,Yemen,,
esh,1,Other Africa,Africa,Other Northern Africa,Western Sahara,NonOECD,0,Western Sahara,Africa,Africa,Africa,,EH,,,
lby,1,Libya,Africa,Other Northern Africa,Libya,NonOECD,124,Libya,Africa,Africa,Africa,,LY,Libya,,
mar,1,Morocco,Africa,Other Northern Africa,Morocco,NonOECD,143,Morocco,Africa,Africa,Africa,,MA,,,
tun,1,Tunisia,Africa,Other Northern Africa,Tunisia,NonOECD,222,Tunisia,Africa,Africa,Africa,,TN,Tunisia,,
bol,1,Bolivia,Latin America,Other South America,Bolivia,NonOECD,19,Bolivia,Latin America,Central and South America,Latin America,,BO,,,
flk,1,Other Non-OECD Americas,Latin America,Other South America,Falkland Islands,NonOECD,0,Falkland Islands,Latin America,Central and South America,Latin America,,,,,
guf,1,Other Non-OECD Americas,Latin America,Other South America,French Guiana,NonOECD,69,French Guiana,Latin America,Central and South America,Latin America,,GF,,,
guy,1,Other Non-OECD Americas,Latin America,Other South America,Guyana,NonOECD,91,Guyana,Latin America,Central and South America,Latin America,,GY,,,
pry,1,Paraguay,Latin America,Other South America,Paraguay,NonOECD,169,Paraguay,Latin America,Central and South America,Latin America,,PY,,,
ury,1,Uruguay,Latin America,Other South America,Uruguay,NonOECD,234,Uruguay,Latin America,Central and South America,Latin America,,UY,,high-income,
pak,1,Pakistan,Other Asia,Pakistan,Pakistan,NonOECD,165,Pakistan,Asia,Other Asia,Other Asia/Pacific,,PK,,,
per,1,Peru,Latin America,Peru,Peru,NonOECD,170,Peru,Latin America,Central and South America,Latin America,,PE,Peru,,
phl,1,Philippines,Other Asia,Philippines,Philippines,NonOECD,171,Philippines,Asia,South East Asia and Aust/NZ,Other Asia/Pacific,,PH,,,
pol,1,Poland,Central European countries,Poland,Poland,OECD,173,Poland,Eastern Europe,Eastern Europe,Europe,PL,PL,,high-income,
prt,1,Portugal,Western Europe,Portugal,Portugal,OECD,174,Portugal,Western Europe,Western Europe,Europe,PT,PT,,high-income,
qat,1,Qatar,Middle East,Qatar,Qatar,NonOECD,179,Qatar,Middle East,Middle East,Other Asia/Pacific,,QA,Qatar,high-income,
rou,1,Romania,Central European countries,Romania,Romania,NonOECD,183,Romania,Eastern Europe,Eastern Europe,Europe,RO,RO,Romania,,
rus,1,Russian Federation,CIS,Russian Federation,Russia,NonOECD,185,Russia,FSU,FSU,Former Soviet Union,RU,RU,Russian Federation,,
sau,1,Saudi Arabia,Middle East,Saudi Arabia,Saudi Arabia,NonOECD,194,Saudi Arabia,Middle East,Middle East,Other Asia/Pacific,,SA,Saudi Arabia,high-income,
sgp,1,Singapore,Other Asia,Singapore,Singapore,NonOECD,200,Singapore,Asia,South East Asia and Aust/NZ,Other Asia/Pacific,,SG,,high-income,
svk,1,Slovak Republic,Central European countries,Slovakia,Slovakia,OECD,199,Slovakia,Eastern Europe,Eastern Europe,Europe,SK,SK,,high-income,
zaf,1,South Africa,Africa,South Africa,South Africa,NonOECD,202,South Africa,Africa,Africa,Africa,,ZA,,,
kor,1,Korea,Other Asia,South Korea,Republic of Korea,OECD,117,Republic of Korea,Asia,Other Asia,Other Asia/Pacific,,KR,,high-income,
esp,1,Spain,Western Europe,Spain,Spain,OECD,203,Spain,Western Europe,Western Europe,Europe,ES,ES,,high-income,
swe,1,Sweden,Western Europe,Sweden,Sweden,OECD,210,Sweden,Western Europe,Western Europe,Europe,SE,SE,,high-income,
che,1,Switzerland,Western Europe,Switzerland,Switzerland,OECD,211,Switzerland,Western Europe,Western Europe,Europe,CH,CH,,high-income,
twn,1,Chinese Taipei,Other Asia,Taiwan,Chinese Taipei,NonOECD,214,Chinese Taipei,Asia,Other Asia,Other Asia/Pacific,,TW,,,
tha,1,Thailand,Other Asia,Thailand,Thailand,NonOECD,216,Thailand,Asia,South East Asia and Aust/NZ,Other Asia/Pacific,,TH,Thailand,,
tto,1,Trinidad and Tobago,Latin America,Trinidad & Tobago,Trinidad and Tobago,NonOECD,220,Trinidad and Tobago,Latin America,Central and South America,Latin America,,TT,Trinidad & Tobago,high-income,
tur,1,Turkey,Western Europe,Turkey,Turkey,OECD,223,Turkey,Western Europe,Western Europe,Europe,TR,TR,,,
tkm,1,Turkmenistan,CIS,Turkmenistan,Turkmenistan,NonOECD,213,Turkmenistan,FSU,FSU,Former Soviet Union,,TM,Turkmenistan,,
ukr,1,Ukraine,CIS,Ukraine,Ukraine,NonOECD,230,Ukraine,FSU,FSU,Former Soviet Union,UA,UA,,,
are,1,United Arab Emirates,Middle East,United Arab Emirates,United Arab Emirates,NonOECD,225,United Arab Emirates,Middle East,Middle East,Other Asia/Pacific,,AE,United Arab Emirates,high-income,
gbr,1,United Kingdom,Western Europe,United Kingdom,United Kingdom,OECD,229,United Kingdom of Great Britain and Northern Ireland,Western Europe,Western Europe,Europe,GB,GB,United Kingdom,high-income,
usa,1,United States,North America,US,United States,OECD,231,United States of America,OtherOECD90,North America,North America,US,US,US,high-income,
uzb,1,Uzbekistan,CIS,Uzbekistan,Uzbekistan,NonOECD,235,Uzbekistan,FSU,FSU,Former Soviet Union,,UZ,Uzbekistan,,
ven,1,Venezuela,Latin America,Venezuela,Venezuela,NonOECD,236,Venezuela,Latin America,Central and South America,Latin America,,VE,Venezuela,,
vnm,1,Viet Nam,China,Vietnam,Vietnam,NonOECD,237,Vietnam,Asia,South East Asia and Aust/NZ,Other Asia/Pacific,,VN,,,
vnm,1,Vietnam,China,Vietnam,Vietnam,NonOECD,237,Vietnam,Asia,South East Asia and Aust/NZ,Other Asia/Pacific,,VN,Vietnam,,
ago,1,Angola,Africa,Western Africa,Angola,NonOECD,7,Angola,Africa,Africa,Africa,,AO,Angola,,
ben,1,Benin,Africa,Western Africa,Benin,NonOECD,53,Benin,Africa,Africa,Africa,,BJ,,,
civ,1,Cote dIvoire,Africa,Western Africa,Cote dIvoire,NonOECD,107,Cote dIvoire,Africa,Africa,Africa,,CI,,,
cmr,1,Cameroon,Africa,Western Africa,Cameroon,NonOECD,32,Cameroon,Africa,Africa,Africa,,CM,,,
cod,1,Democratic Republic of Congo,Africa,Western Africa,Democratic Republic of Congo,NonOECD,250,Democratic Republic of Congo,Africa,Africa,Africa,,CD,,,
cod,1,Dem. Republic of the Congo,Africa,Western Africa,Democratic Republic of Congo,NonOECD,250,Democratic Republic of Congo,Africa,Africa,Africa,,CD,Republic of Congo,,
cog,1,Congo,Africa,Western Africa,Congo,NonOECD,46,Congo,Africa,Africa,Africa,,CG,,,
gab,1,Gabon,Africa,Western Africa,Gabon,NonOECD,74,Gabon,Africa,Africa,Africa,,GA,Gabon,,
gha,1,Ghana,Africa,Western Africa,Ghana,NonOECD,81,Ghana,Africa,Africa,Africa,,GH,,,
gin,1,Other Africa,Africa,Western Africa,Guinea,NonOECD,90,Guinea,Africa,Africa,Africa,,GN,,,
gmb,1,Other Africa,Africa,Western Africa,Gambia,NonOECD,75,Gambia,Africa,Africa,Africa,,GN,,,
gnb,1,Other Africa,Africa,Western Africa,Guinea-Bissau,NonOECD,175,Guinea-Bissau,Africa,Africa,Africa,,GW,,,
gnq,1,Other Africa,Africa,Western Africa,Equatorial Guinea,NonOECD,61,Equatorial Guinea,Africa,Africa,Africa,,GQ,Equatorial Guinea,,
lbr,1,Other Africa,Africa,Western Africa,Liberia,NonOECD,123,Liberia,Africa,Africa,Africa,,LR,,,
mrt,1,Other Africa,Africa,Western Africa,Mauritania,NonOECD,136,Mauritania,Africa,Africa,Africa,,MR,,,
sen,1,Senegal,Africa,Western Africa,Senegal,NonOECD,195,Senegal,Africa,Africa,Africa,,SN,,,
sle,1,Other Africa,Africa,Western Africa,Sierra Leone,NonOECD,197,Sierra Leone,Africa,Africa,Africa,,SL,,,
cpv,1,Other Africa,Africa,Western Africa,Cape Verde,NonOECD,35,Cape Verde,Africa,Africa,Africa,,CV,,,
tcd,1,Other Africa,Africa,Western Africa,Chad,NonOECD,39,Chad,Africa,Africa,Africa,,TD,Chad,,
arm,1,Former Soviet Union (if no detail),CIS,,Armenia,NonOECD,1,Armenia,FSU,FSU,Former Soviet Union,AM,AM,,,
aze,1,Former Soviet Union (if no detail),CIS,,Azerbaijan,NonOECD,52,Azerbaijan,FSU,FSU,Former Soviet Union,AZ,AZ,,,
blr,1,Former Soviet Union (if no detail),CIS,,Belarus,NonOECD,57,Belarus,FSU,FSU,Former Soviet Union,BY,BY,,,
blx,0,,,,Belgium-Luxembourg ,OECD,15,,Western Europe,Western Europe,Europe,,,,,historical
csk,0,,,,Czechoslovakia,OECD,51,Czechoslovakia,Eastern Europe,Eastern Europe,Europe,,,,,historical
est,1,Former Soviet Union (if no detail),CIS,,Estonia,OECD,63,Estonia,FSU,FSU,Former Soviet Union,EE,EE,,high-income,
fro,1,,,,Faeroe Islands,NonOECD,,,Islands,Central and South America,Latin America,,,,high-income,
geo,1,Former Soviet Union (if no detail),CIS,,Georgia,NonOECD,73,Georgia,FSU,FSU,Former Soviet Union,GE,GE,,,
grl,1,,,,Greenland,OECD,,,Western Europe,Western Europe,Europe,,,,high-income,
gum,,,,,Guam,NonOECD,,,Islands,Other Asia,Other Asia/Pacific,,,,high-income,
irl,1,Ireland,Western Europe,,Ireland,OECD,104,Ireland,Western Europe,Western Europe,Europe,IE,IE,,high-income,Duplicate line added to account for alternative country name used in latest version of BP energy data
kaz,1,Former Soviet Union (if no detail),CIS,,Kazakhstan,NonOECD,108,Kazakhstan,FSU,FSU,Former Soviet Union,,KZ,,,
kgz,1,Former Soviet Union (if no detail),CIS,,Kyrgyzstan,NonOECD,113,Kyrgyzstan,FSU,FSU,Former Soviet Union,KG,KG,,,
lie,1,,,,Liechtenstein,NonOECD,125,Liechtenstein,Western Europe,Western Europe,Europe,LI,LI,,high-income,
ltu,1,Former Soviet Union (if no detail),CIS,,Lithuania,NonOECD,126,Lithuania,FSU,FSU,Former Soviet Union,LT,LT,,high-income,
lva,1,Former Soviet Union (if no detail),CIS,,Latvia,NonOECD,119,Latvia,FSU,FSU,Former Soviet Union,LV,LV,,high-income,
pse,1,,,,Palestine,NonOECD,299,,Middle East,Middle East,Other Asia/Pacific,,,,,
rus,1,Former Soviet Union (if no detail),CIS,,Russia,NonOECD,185,Russia,FSU,FSU,Former Soviet Union,,RU,,,
tjk,1,Former Soviet Union (if no detail),CIS,,Tajikistan,NonOECD,208,Tajikistan,FSU,FSU,Former Soviet Union,TJ,TJ,,,
tkm,1,Former Soviet Union (if no detail),CIS,,Turkmenistan,NonOECD,213,Turkmenistan,FSU,FSU,Former Soviet Union,,TM,,,
ukr,1,Former Soviet Union (if no detail),CIS,,Ukraine,NonOECD,230,Ukraine,FSU,FSU,Former Soviet Union,UA,UA,,,
uzb,1,Former Soviet Union (if no detail),CIS,,Uzbekistan,NonOECD,235,Uzbekistan,FSU,FSU,Former Soviet Union,,UZ,,,
yug,0,,,,Yugoslavia,NonOECD,248,,Other Asia,Other Asia,Other Asia/Pacific,,,,,historical