Region,country_name,iso,emf_number
AFRI_WEST,Zimbabwe                                        ,zwe,8
AFRI_WEST,Zambia                                          ,zmb,8
AFRI_WEST,"Tanzania, United Republic of",tza,8
AFRI_WEST,Swaziland                                        ,swz,8
AFRI_WEST,Namibia                                         ,nam,8
AFRI_WEST,Malawi                                          ,mwi,8
AFRI_WEST,Mozambique                                      ,moz,8
AFRI_WEST,Lesotho                                          ,lso,8
AFRI_WEST,Botswana                                        ,bwa,8
AFRI_WEST,Angola,ago,8
AFRI_EAST,Uganda                                          ,uga,9
AFRI_EAST,Seychelles                                      ,syc,9
AFRI_EAST,Somalia,som,9
AFRI_EAST,Sudan                                       ,sdn,9
AFRI_EAST,South Sudan,ssd,9
AFRI_EAST,Rwanda,rwa,9
AFRI_EAST,R_union                                 ,reu,9
AFRI_EAST,Mauritius                                       ,mus,9
AFRI_EAST,Madagascar                                      ,mdg,9
AFRI_EAST,Kenya                                           ,ken,9
AFRI_EAST,Ethiopia,eth,9
AFRI_EAST,Eritrea                                 ,eri,9
AFRI_EAST,Djibouti                                        ,dji,9
AFRI_EAST,Comoros                     ,com,9
AFRI_EAST,Burundi                                         ,bdi,9
AFRI_EAST,Mayotte                                 ,,9
AFRI_WEST,Togo,tgo,8
AFRI_WEST,Chad                                            ,tcd,8
AFRI_WEST,Sao Tome and Principe                ,stp,8
AFRI_WEST,Sierra Leone                                    ,sle,8
AFRI_WEST,Senegal                                         ,sen,8
AFRI_WEST,Nigeria                                 ,nga,8
AFRI_WEST,Niger                                       ,ner,8
AFRI_WEST,Mauritania                              ,mrt,8
AFRI_WEST,Mali                                            ,mli,8
AFRI_WEST,Liberia                                         ,lbr,8
AFRI_WEST,Equatorial Guinea                               ,gnq,8
AFRI_WEST,Guinea-Bissau                                   ,gnb,8
AFRI_WEST,Gambia                                      ,gmb,8
AFRI_WEST,Guinea                                          ,gin,8
AFRI_WEST,Ghana                                           ,gha,8
AFRI_WEST,Gabon,gab,8
AFRI_WEST,Cape Verde                                      ,cpv,8
AFRI_WEST,Congo                                       ,cog,8
AFRI_WEST,"Congo, the Democratic Republic of the",cod,8
AFRI_WEST,Cameroon                                        ,cmr,8
AFRI_WEST,Cªte d'Ivoire                                    ,civ,8
AFRI_WEST,Central African Republic                ,caf,8
AFRI_WEST,Burkina Faso                            ,bfa,8
AFRI_WEST,Benin                                           ,ben,8
AFRI_WEST,Saint Helena                            ,,8
AFRI_NORT,Tunisia                                         ,tun,7
AFRI_NORT,Morocco                                          ,mar,7
AFRI_NORT,Libyan Arab Jamahiriya,lby,7
AFRI_NORT,Western Sahara                          ,esh,7
AFRI_NORT,Egypt                                      ,egy,7
AFRI_NORT,Algeria                      ,dza,7
LAME_REST,Venezuela                                       ,ven,6
LAME_REST,Uruguay                                 ,ury,6
LAME_REST,Suriname                                        ,sur,6
LAME_REST,South Georgia and the South Sandwich Islands,,6
LAME_REST,Paraguay                                        ,pry,6
LAME_REST,Peru                                            ,per,6
LAME_REST,Guyana                                          ,guy,6
LAME_REST,French Guiana                           ,guf,6
LAME_REST,Falklands Islands (Malvinas),flk,6
LAME_REST,Ecuador                                         ,ecu,6
LAME_REST,Colombia                                        ,col,6
LAME_REST,Chile                                           ,chl,6
LAME_REST,Bolivia,bol,6
LAME_REST,Argentina,arg,6
LAME_REST,Bouvet Island,,
BRAZ_WHOL,Brazil                               ,bra,5
CEAM_REST,"Virgin Islands, U.S.",vir,4
CEAM_REST,Saint Vincent and the Grenadines,vct,4
CEAM_REST,Trinidad and Tobago                             ,tto,4
CEAM_REST,Turks and Caicos Islands                                    ,tca,4
CEAM_REST,El Salvador                                     ,slv,4
CEAM_REST,Puerto Rico                                                 ,pri,4
CEAM_REST,Panama                                          ,pan,4
CEAM_REST,Nicaragua                                       ,nic,4
CEAM_REST,Martinique                              ,mtq,4
CEAM_REST,Montserrat                              ,msr,4
CEAM_REST,Saint Lucia                             ,lca,4
CEAM_REST,Saint Kitts and Nevis ,kna,4
CEAM_REST,Jamaica                                 ,jam,4
CEAM_REST,Haiti                                           ,hti,4
CEAM_REST,Honduras                                        ,hnd,4
CEAM_REST,Guatemala                                       ,gtm,4
CEAM_REST,Grenada                                 ,grd,4
CEAM_REST,Guadeloupe                              ,glp,4
CEAM_REST,Dominican Republic                      ,dom,4
CEAM_REST,Dominica                                    ,dma,4
CEAM_REST,Cayman Islands                          ,cym,4
CEAM_REST,Cuba                                            ,cub,4
CEAM_REST,Costa Rica                                      ,cri,4
CEAM_REST,Barbados                                ,brb,4
CEAM_REST,Bermuda                                 ,bmu,4
CEAM_REST,Belize                                  ,blz,4
CEAM_REST,Bahamas                                 ,bhs,4
CEAM_REST,Antigua and Barbuda                       ,atg,4
CEAM_REST,Curacao,cuw,4
CEAM_REST,Sint Maarten,sxm,4
CEAM_REST,Aruba                                   ,abw,4
CEAM_REST,Anguilla                                ,,4
CEAM_REST,"Virgin Islands, British                                      ",vgb,4
MEXI_WHOL,Mexico,mex,3
SOUA_REST,Pakistan                                ,pak,25
SOUA_REST,Nepal                                            ,npl,25
SOUA_REST,Maldives                                        ,mdv,25
SOUA_REST,Sri Lanka                  ,lka,25
SOUA_REST,Bhutan                                           ,btn,25
SOUA_REST,Bangladesh,bgd,25
SOUA_REST,Afghanistan                                ,afg,25
SOUA_REST,British Indian Ocean Territory,,25
OCEA_WHOL,Samoa                          ,wsm,24
OCEA_WHOL,Wallis and Futuna,wlf,24
OCEA_WHOL,Vanuatu                                         ,vut,24
OCEA_WHOL,Tonga                                            ,ton,24
OCEA_WHOL,Tokelau                                 ,tkl,24
OCEA_WHOL,Solomon Islands                         ,slb,24
OCEA_WHOL,French Polynesia,pyf,24
OCEA_WHOL,Palau                                           ,plw,24
OCEA_WHOL,New Zealand                             ,nzl,24
OCEA_WHOL,Niue                                    ,niu,24
OCEA_WHOL,New Caledonia                           ,ncl,24
OCEA_WHOL,Marshall Islands                            ,mhl,24
OCEA_WHOL,Kiribati                                ,kir,24
OCEA_WHOL,Guam                                    ,gum,24
OCEA_WHOL,"Micronesia, Federated States of",fsm,24
OCEA_WHOL,Fiji                                            ,fji,24
OCEA_WHOL,Cook Islands                            ,cok,24
OCEA_WHOL,Australia                               ,aus,24
OCEA_WHOL,American Samoa                          ,asm,24
OCEA_WHOL,Christmas Island                        ,,24
OCEA_WHOL,Cocos (Keeling) Islands                 ,,24
OCEA_WHOL,French Southern Territories             ,,24
OCEA_WHOL,Heard Island and McDonald Islands         ,,24
OCEA_WHOL,Nauru                                           ,,24
OCEA_WHOL,Norfolk Island                          ,,24
OCEA_WHOL,Northern Mariana Islands                ,,24
OCEA_WHOL,Pitcairn                                ,,24
OCEA_WHOL,Tuvalu                                  ,,24
JAPA_WHOL,Japan                                   ,jpn,23
INDO_PLUS,Papua New Guinea                                            ,png,22
INDO_PLUS,Indonesia                                       ,idn,22
INDO_PLUS,East Timor,tls,22
SOEA_ASIA,Viet Nam                              ,vnm,21
SOEA_ASIA,Thailand                                         ,tha,21
SOEA_ASIA,Singapore                                       ,sgp,21
SOEA_ASIA,Philippines                                 ,phl,21
SOEA_ASIA,Malaysia                                ,mys,21
SOEA_ASIA,Myanmar                                            ,mmr,21
SOEA_ASIA,Cambodia                                         ,khm,21
SOEA_ASIA,Lao People's Democratic Republic,lao,21
SOEA_ASIA,Brunei Darussalam                       ,brn,21
ASIA_STAN,Mongolia                                ,mng,20
CHIN_PLUS,Macau                                   ,mac,20
CHIN_PLUS,Hong Kong                               ,hkg,20
CHIN_PLUS,China,chn,20
KORE_AALL,"Taiwan, Province of China                                   ",twn,20
USAM_WHOL,United States,usa,2
USAM_WHOL,United States Minor Outlying Islands    ,usa,2
USAM_WHOL,Saint Pierre and Miquelon    ,spm,2
ASIA_STAN,"Korea, Democratic People's Republic of",prk,19
KORE_AALL,"Korea, Republic of",kor,19
INDI_WHOL,India                                           ,ind,18
MIDD_EAST,Yemen                                           ,yem,17
MIDD_EAST,Syrian Arab Republic,syr,17
SOEA_ASIA,Saudi Arabia                                     ,sau,17
SOEA_ASIA,Qatar                                              ,qat,17
SOEA_ASIA,Oman                                           ,omn,17
MIDD_EAST,Lebanon,lbn,17
SOEA_ASIA,Kuwait                                             ,kwt,17
MIDD_EAST,Jordan                                 ,jor,17
MIDD_EAST,Palestine,pse,17
WEST_EURO,Israel                                             ,isr,17
MIDD_EAST,Iraq                                            ,irq,17
MIDD_EAST,"Iran, Islamic Republic of",irn,17
SOEA_ASIA,Bahrain                                            ,bhr,17
SOEA_ASIA,United Arab Emirates                    ,are,17
RUSS_PLUS,Russian Federation                      ,rus,16
RUSS_PLUS,Georgia                                 ,geo,16
RUSS_PLUS,Azerbaijan,aze,16
RUSS_PLUS,Armenia                                         ,arm,16
ASIA_STAN,Uzbekistan                                      ,uzb,15
ASIA_STAN,Turkmenistan                            ,tkm,15
ASIA_STAN,Tajikistan                                      ,tjk,15
ASIA_STAN,Kyrgyzstan,kgz,15
ASIA_STAN,Kazakstan                                      ,kaz,15
UKRA_PLUS,Ukraine                                 ,ukr,14
UKRA_PLUS,"Moldova, Republic of",mda,14
UKRA_PLUS,Belarus                                         ,blr,14
TURK_WHOL,Turkey                                          ,tur,13
CENT_EURO,Slovenia                                        ,svn,12
CENT_EURO,Slovakia,svk,12
CENT_EURO,Romania                                 ,rou,12
CENT_EURO,Poland                                          ,pol,12
CENT_EURO,Malta                                           ,mlt,12
CENT_EURO,"Macedonia, the former Yugoslav Republic of",mkd,12
CENT_EURO,Latvia                                          ,lva,12
CENT_EURO,Lithuania                                       ,ltu,12
CENT_EURO,Hungary                                         ,hun,12
CENT_EURO,Croatia                                         ,hrv,12
CENT_EURO,Estonia                                         ,est,12
CENT_EURO,Czech Republic                          ,cze,12
CENT_EURO,Cyprus                                          ,cyp,12
CENT_EURO,Bosnia and Herzegovina                          ,bih,12
CENT_EURO,Bulgaria                                        ,bgr,12
CENT_EURO,Albania                                         ,alb,12
CENT_EURO,Serbia,srb,12
CENT_EURO,Kosovo,srb (kosovo),12
CENT_EURO,Montenegro,mne,12
WEST_EURO,Sweden                                           ,swe,11
WEST_EURO,Portugal,prt,11
WEST_EURO,Norway                                           ,nor,11
WEST_EURO,Netherlands                                  ,nld,11
WEST_EURO,Luxembourg                                   ,lux,11
WEST_EURO,Liechtenstein                               ,lie,11
WEST_EURO,Italy,ita,11
WEST_EURO,Iceland                                         ,isl,11
WEST_EURO,Ireland                                 ,irl,11
WEST_EURO,Greece,grc,11
WEST_EURO,Gibraltar                               ,gib,11
WEST_EURO,United Kingdom,gbr,11
WEST_EURO,Faroe Islands,fro,11
WEST_EURO,France,fra,11
WEST_EURO,Finland                                         ,fin,11
WEST_EURO,Spain                                            ,esp,11
WEST_EURO,Denmark                                          ,dnk,11
WEST_EURO,Greenland,grl,11
WEST_EURO,Germany                                 ,deu,11
WEST_EURO,Switzerland,che,11
WEST_EURO,Belgium                                          ,bel,11
WEST_EURO,Austria                                         ,aut,11
WEST_EURO,Andorra                                     ,,11
WEST_EURO,Holy See (Vatican City State),,11
WEST_EURO,Monaco                                      ,,11
WEST_EURO,San Marino                                      ,,11
WEST_EURO,Svalbard and Jan Mayen                                      ,,11
SAFR_WHOL,South Africa                                    ,zaf,10
CANA_WHOL,Canada                                  ,can,1
